nombre;precio_normal;precio_promocional;precio_CMR;descuento;paginacion
Celular Y9 Prime 2019 Azul Zafiro Huawei;$ 1.099.900;$ 728.800;null;-33%;2
samsung S10+ G975F 8+128G Negro;$ 4.087.491;$ 3.269.993;null;-19%;10
iPhone 11 64 GB-Yellow;$ 4.000.000;$ 3.349.000;null;-16%;?
Blackview A7 3G Smartphone Android 7,0 5...;null;$ 356.900;null;null;?
Celular Smartphone Zte Fanfare 3 Color N...;$ 240.000;$ 176.990;null;-26%;2
iPhone 7+ Plus Negro 128GB;$ 2.600.000;$ 2.339.900;null;-10%;13
google pixel-3XL-64G Negro;$ 2.847.338;$ 2.277.870;null;-20%;12
SAMSUNG GALAXY A11 2GB RAM 32 GB INTERNA...;$ 700.000;$ 599.000;null;-14%;10
Celular Samsung Galaxy A11;$ 799.999;$ 700.000;null;-12%;10
samsung S9+ G965FD 6+64G  Negro;$ 3.268.441;$ 2.145.242;null;-34%;10
REDMI NOTE 8T 32GB NFC GRIS;null;$ 639.900;null;null;2
Apple iPhone 6 (128GB) Plata;$ 1.262.338;$ 970.847;null;-23%;?
Celular Samsung J2 CORE DS 16GB - Dorado;$ 399.900;$ 329.900;null;-17%;
Celular LG V20 64gb 4gb Ram 16mp 4g Lte...;$ 1.099.000;$ 560.900;null;-48%;6
Realme C3 64GB 3GB RAM - Azul;$ 599.900;$ 549.900;null;-8%;11
Galaxy Fit e Samsung  Unisex-Amarillo;null;$ 149.900;null;null;6
GTX650Ti 1GB DDR5 Tarjeta gráfica de 128...;$ 259.486;$ 185.490;null;-28%;12
Celular Huawei P40 Pro 256GB;null;$ 4.599.900;$ 4.499.900;null;12
Xiaomi POCO F2 Pro 6GB 128GB Versión Glo...;$ 3.688.499;$ 2.543.789;null;-31%;?
samsung S8+ G955F 4+64G Oro;$ 2.471.001;$ 1.676.966;null;-32%;?
Apple IPhone 7 128GB-Oro Rosa;$ 1.888.900;$ 930.900;null;-50%;3
Xiaomi Redmi Note 8 4 + 64GB Global Vers...;$ 959.000;$ 676.000;null;-29%;4
Celular Samsung Galaxy A10s DS - Negro;$ 549.900;$ 505.200;null;-8%;2
samsung S9+ G965F 6+64G  Negro;$ 3.245.286;$ 2.123.013;null;-34%;11
Celular Samsung Galaxy A30s 128 Gb Lila;$ 1.000.000;$ 943.900;null;-5%;10
Apple iPhone 7P(32GB)  Plata;$ 2.462.665;$ 2.018.540;null;-18%;?
Celular L503F Dorado Hyundai;null;$ 330.000;null;null;3
M4 Smart Band Watch Reloj Inteligente Pu...;$ 69.900;$ 37.900;null;-45%;
CARCASA ITSKINS Evolution iPhone 6 Plus...;$ 30.000;$ 15.000;null;-50%;11
Celular Neffos X20 Pro 64GB;$ 999.900;$ 559.900;null;-44%;6
samsung note8 N950F 6+64G  Púrpura;$ 2.826.653;$ 1.860.720;null;-34%;10
SIM CARD PREPAGO TIGO;null;$ 5.000;null;null;?
PIM6 Monedero llavero peluche tortuga am...;$ 23.000;$ 7.500;null;-67%;11
Celular Samsung Galaxy Note 10+;$ 4.399.900;$ 3.999.900;$ 3.899.900;-9%;8
Celular Xiaomi Redmi Note 9s 64Gb - Blan...;$ 1.549.000;$ 849.000;null;-45%;
Celular iPro A28 Gran Pantalla Superbate...;$ 189.900;$ 79.900;null;-57%;11
iPhone 7 Negro 32GB;$ 1.700.000;$ 1.549.900;null;-8%;?
GTX750 Ti 1GB DDR5 192Bit Tarjeta de vid...;$ 214.826;$ 153.590;null;-28%;12
CELULAR KRONO PLAY K7 GRIS / AZUL;$ 69.900;$ 44.900;null;-35%;11
samsung S8 G950FD 4+64G Plata;$ 2.267.241;$ 1.550.264;null;-31%;10
Celular Samsung Galaxy S10 Octacore 128...;null;$ 3.909.900;null;null;5
google pixel-2XL-128G Negro;$ 1.995.254;$ 1.596.203;null;-20%;12
Celular LG K40 5.7 Hd 32gb / 2gb Certifi...;$ 499.900;$ 499.700;null;null;3
iPhone XR 64 GB - Negro;$ 3.499.990;$ 2.499.990;null;-28%;8
Celular Xiaomi Redmi Note 9s 64Gb - Negr...;$ 1.549.000;$ 849.000;null;-45%;3
"Samsung GALAXY S6 Pantalla recta 5.1"" 32...";$ 699.000;$ 560.900;null;-19%;5
Samsung Galaxy A60 Smartphone 6GB + 128G...;$ 1.778.900;$ 1.422.900;null;-20%;?
samsung S9 G960F 4+64G Negro;$ 2.962.802;$ 1.900.730;null;-35%;10
Celular Samsung Galaxy S7 32gb 4g Lte De...;$ 990.900;$ 650.900;null;-34%;6
SmartBand Reloj Inteligente Smartwatch F...;$ 159.900;$ 94.900;null;-40%;2
iPhone 7 Oro Rosa 32GB + Audífonos Inalá...;$ 1.800.000;$ 1.609.900;null;-10%;
Apple iPhone 6 (128GB) Gris;$ 1.262.338;$ 970.847;null;-23%;?
iPhone 7 Blanco 32GB + Audífonos Inalámb...;$ 1.800.000;$ 1.609.900;null;-10%;?
Celular Samsung Galaxy A30s;$ 900.000;$ 859.900;null;-4%;
Apple iPhone 6SP(128GB)  Plata;$ 2.080.153;$ 1.459.128;null;-29%;?
Celular Hyundai L601F 16GB Dual Sim Card...;$ 519.900;$ 380.900;null;-26%;?
Celular Motorola E6 Plus 64GB 4GB Ram Gr...;null;$ 479.900;null;null;
Samsung Galaxy A01 16GB DS - Negro;$ 619.990;$ 567.229;null;-8%;?
"GALAXY S7 5.1"" 32gb 4gb Ram Lte 12MP - B...";$ 990.600;$ 650.900;null;-34%;4
Celular Huawei P30 Lite - Azul;null;$ 1.299.900;null;null;8
iPhone 11 Pro 256 GB Silver/Plata;$ 6.669.000;$ 5.669.000;null;-14%;?
XIAOMI Redmi Note 8 4GB 64GB 48MP 4G Sma...;$ 1.053.880;$ 810.198;null;-23%;4
Celular Asus Zenfone 5 Selfie Pro libre...;$ 990.900;$ 805.510;null;-18%;12
iPhone 11 Pro 256 GB Midnight Green;$ 6.669.000;$ 5.669.000;null;-14%;?
Celular Samsung Galaxy A11 32Gb 13mp Neg...;$ 749.900;$ 599.900;null;-20%;2
SAMSUNG A30S SM A307G/DS 64GB VIOLETA;$ 780.000;$ 729.900;null;-6%;
iPhone 7 Oro Rosa 32GB;$ 1.700.000;$ 1.549.900;null;-8%;13
Celular  Huawei Y9 Prime 2019 128GB;$ 999.900;$ 769.900;null;-23%;12
Celular Samsung A20s Octa-core 32gb Ram3...;$ 729.900;$ 609.310;null;-16%;2
Moto E6 S 32GB;$ 499.900;$ 419.900;$ 379.900;-16%;
Apple IPhone 7 Plus 32GB-Negro Mate;$ 2.000.901;$ 1.255.900;null;-37%;2
Reloj Inteligente Smartwatch Cámara Noti...;$ 310.598;$ 252.900;null;-18%;?
Teléfono celular Bmobile K401 Negro;null;$ 89.900;$ 79.900;null;3
Apple iPhone 6SP(16GB)  Oro;$ 1.802.300;$ 1.288.712;null;-28%;13
Apple iPhone 7P(128GB)  Oscuro;$ 2.601.592;$ 2.218.595;null;-14%;?
PIM11 Camiseta hombre bike explosion mod...;$ 30.000;$ 13.500;null;-55%;11
Celular Samsung Galaxy A51 128 GB 4 GB R...;null;$ 1.244.900;null;null;5
Memoria Micro Sd Adata 128 Gb 100 Mb/sg...;$ 105.000;$ 95.600;null;-8%;3
OUKITEL U7 Plus Teléfono Móvil Android 6...;null;$ 387.000;null;null;6
CELULAR + COMPUTADOR +MOUSE + TECLADO Ac...;$ 1.900.000;$ 890.000;null;-53%;?
IPhone 11 128gb Negro/Black Unlocked;$ 4.959.000;$ 3.679.000;null;-25%;?
Celular  HUAWEI Y5 2018 Café;$ 440.570;$ 359.900;null;-18%;
Celular Samsung A01 Negro;$ 599.900;$ 449.900;null;-25%;4
SmartBand Reloj Inteligente Smartwatch F...;$ 159.900;$ 94.900;null;-40%;4
SIM CARD PREPAGO VIRGIN MOBILE;null;$ 5.000;null;null;?
samsung S8+ G955FD 4+64G Plata;$ 2.512.679;$ 1.673.261;null;-33%;10
Código Spotify Premium 30.000 2 Meses Tv...;null;$ 49.900;null;null;11
Smartphone LG G6 - Blanco;null;$ 999.990;null;null;6
OPPO Realme 6 Versión Global 4GB 128GB 6...;$ 1.714.719;$ 1.182.559;null;-31%;11
Apple iPhone 6S(128GB)  Oro;$ 1.579.091;$ 1.162.010;null;-26%;?
Reloj Inteligente SmartWatch Tipo Gear 2...;$ 119.900;$ 54.900;null;-54%;
google pixel-3-128G  Negro;$ 3.217.810;$ 2.574.248;null;-20%;12
google pixel-3-128G  Blanco;$ 3.217.810;$ 2.574.248;null;-20%;12
Celular HUAWEI Y5p 32GB Azul + batería e...;null;$ 399.900;null;null;3
Teléfono celular Bmobile K401 Dorado;null;$ 75.546;null;null;4
Apple iPhone 6 (16GB);$ 1.172.807;$ 859.706;null;-26%;?
Apple iPhone 6S(64GB)  Gris;$ 1.495.735;$ 1.117.554;null;-25%;?
Tarjeta gráfica de video para juegos par...;$ 189.066;$ 135.190;null;-28%;12
Celular Samsung A10s 32Gb - Azul;null;$ 689.000;null;null;?
Apple iPhone 7P(256GB)  Rojo;$ 2.786.828;$ 2.292.689;null;-17%;?
iPhone 6 128GB - Silver;$ 2.999.999;$ 1.499.999;null;-50%;?
Apple iPhone 7(32GB)  Plata;$ 1.766.179;$ 1.228.695;null;-30%;13
samsung S9 G960FD 4+64G Azul;$ 2.985.956;$ 1.937.778;null;-35%;?
Apple iPhone 6S(16GB)  Plata;$ 1.329.022;$ 1.013.822;null;-23%;13
Celular Samsung Galaxy S10 Plus 128 Gb 8...;$ 3.999.999;$ 3.539.900;null;-11%;10
Celular KRONO NET LITE Rosa;$ 214.900;$ 181.900;null;-15%;2
iPhone 8 Blanco 64Gb;$ 2.200.000;$ 2.039.900;null;-7%;3
Celular iPro Shark 2 Certificacion IP67...;$ 299.900;$ 129.900;null;-56%;4
samsung S8 G950FD 4+64G Polvo;$ 2.267.241;$ 1.550.264;null;-31%;10
Celular Ipro Shark IP67 Super Batería -...;$ 199.900;$ 129.900;null;-35%;6
Apple iPhone 7(128GB)  Rojo;$ 1.923.629;$ 1.458.388;null;-24%;13
Blackview A7 Pro 4G Teléfono Móvil 5,0 '...;null;$ 379.000;null;null;?
Iphone 11 128gb Yellow Unlocked;$ 5.689.000;$ 3.689.000;null;-35%;13
"Galaxy Note 4 5.7"" 32gb 3gb Ram 4g Lte -...";$ 699.000;$ 560.000;null;-19%;6
samsung S8 G950F 4+64G Oro;$ 2.262.611;$ 1.546.560;null;-31%;?
Celular Samsung Galaxy Z Flip 256GB;null;$ 6.999.900;$ 6.899.900;null;10
OpenBox Celular Motorola Moto G5 Plus Du...;null;$ 639.900;null;null;8
google pixel-3XL-128G Blanco;$ 3.217.810;$ 2.574.248;null;-20%;12
Iphone 7 32GB - Silver;$ 1.299.990;$ 799.990;null;-38%;2
Samsung Galaxy S6 32GB 3GB Pantalla rect...;$ 759.000;$ 560.000;null;-26%;5
Apple iPhone 6SP(16GB)  Gris;$ 1.802.300;$ 1.288.712;null;-28%;13
Xiaomi Mi 9T  6GB RAM +64GB ROM- Azul;$ 1.999.000;$ 1.399.000;null;-30%;4
Apple iPhone 7(256GB)  Rojo;$ 2.090.341;$ 1.495.435;null;-28%;?
Celular Motorola One Macro;$ 999.900;$ 619.900;$ 549.900;-38%;
iPhone 8 64 GB - SemiNuevo- Space gray;$ 2.499.990;$ 1.299.990;null;-48%;
"Galaxy S8 5.8"" 64GB 4GB RAM 12MP - Negro";$ 2.959.900;$ 1.500.900;null;-49%;4
Celular KRONO NET LITE Dorado;$ 214.900;$ 181.900;null;-15%;
Huawei Y7 2019 Memoria 32 GB - 3 GB RAM...;null;$ 629.000;null;null;3
"Galaxy S8 5.8"" 64GB 4GB RAM 12MP";$ 2.959.900;$ 1.500.900;null;-49%;6
google pixel-3-64G  Polvo;$ 2.847.338;$ 2.277.870;null;-20%;12
Celular Motorola Moto E6 Plus 64GB Edici...;null;$ 629.000;null;null;3
samsung S8 G950F 4+64G Polvo;$ 2.262.611;$ 1.546.560;null;-31%;?
Samsung Galaxy Note 4 Lte 4g 16mp 32gb 3...;$ 959.000;$ 560.000;null;-41%;5
Apple iPhone 6SP(16GB)  Plata;$ 1.802.300;$ 1.288.712;null;-28%;13
Lg G6 4g Lte 32gb 4g Lte 4gb Ram Huella...;$ 1.290.900;$ 560.900;null;-56%;6
Celular Samsung A20S 32GB 3GB Negro;null;$ 579.900;null;null;
samsung S8+ G955F 4+64G Polvo;$ 2.471.001;$ 1.676.966;null;-32%;?
Celulares Lg G5 16mpx 32gb 4 Gb 4g Huell...;$ 990.900;$ 510.900;null;-48%;6
Celular Samsung A01 Rojo;null;$ 519.000;null;null;5
Apple Iphone Xr 64gb Rojo Red Unlocked;$ 4.999.999;$ 3.229.000;null;-35%;13
Celular Xiaomi Redmi Note 8 64Gb 4 Ram 4...;$ 899.900;$ 689.900;null;-23%;
celular nokia 3.1 libre OC 16gb android...;$ 599.900;$ 491.590;null;-18%;11
Celular Xiaomi Redmi Note 9s /64gb/48mp/...;$ 1.800.000;$ 995.000;null;-44%;
Celular Hyundai L553 16GB Dual Sim Card...;$ 439.900;$ 296.900;null;-32%;11
IPhone 7 Negro 128GB + Audífonos Inalámb...;$ 2.000.000;$ 1.859.900;null;-7%;13
samsung S7edge G935FD-32G Polvo;$ 1.695.789;$ 1.187.202;null;-29%;10
Celulares Lg G5 16mpx 32gb 4 Gb 4g Huell...;$ 960.900;$ 510.900;null;-46%;6
Cargador Cubo Apple Original Iphone 7 Pl...;$ 79.900;$ 42.900;null;-46%;3
samsung note8 N950FD 6+64G  Gris;$ 2.835.915;$ 1.864.424;null;-34%;10
Neffos C9 16GB;$ 599.900;$ 349.900;null;-41%;3
Celular Smartphone Libre Alcatel 1 Trasm...;$ 260.000;$ 219.990;null;-15%;3
samsung S10+ G975FD 8+128G Verde;$ 4.235.680;$ 3.388.544;null;-20%;10
Apple iPhone 7P(256GB)  Plata;$ 2.786.828;$ 2.292.689;null;-17%;13
Celular Motorola Moto E5 go 16GB 1Gb Ram...;$ 480.900;$ 369.900;null;-23%;6
Smartphone Bmobile AX684 4GB Gris;null;$ 144.900;$ 134.900;null;3
Apple iPhone 6 (16GB);$ 1.172.807;$ 859.706;null;-26%;?
Huawei Y9s Breathing Crystal;null;$ 1.399.900;null;null;2
Galaxy Note 5 32gb 4gb Ram - Blanco;$ 1.236.900;$ 746.900;null;-39%;5
Xiaomi Redmi Note 8 4 + 64GB Global Vers...;$ 959.000;$ 676.000;null;-29%;4
IPhone?8 64GB - Gris;$ 2.417.660;$ 1.726.900;null;-28%;8
Celular Samsung A01 Rojo;$ 599.900;$ 449.900;null;-25%;3
samsung S8+ G955F 4+64G Negro;$ 2.471.001;$ 1.676.966;null;-32%;10
Samsung Galaxy Note 4 Lte 4g 16mp 32gb 3...;$ 959.000;$ 560.000;null;-41%;5
Celular E553 Café Hyundai;null;$ 279.900;null;null;?
samsung S8 G950F 4+64G Negro;$ 2.262.611;$ 1.546.560;null;-31%;10
Celular Samsung Galaxy A11 AZUL;$ 649.900;$ 592.000;null;-8%;10
Código Spotify Premium 45.000 3 Meses Tv...;null;$ 79.900;null;null;11
"Galaxy S6 - 5.1""- 32GB - 3GB RAM Pantall...";$ 699.000;$ 560.000;null;-19%;5
samsung S10 G973F 8+128G  Blanco;$ 3.860.578;$ 3.088.462;null;-20%;?
Celular Motorola Moto G8 Plus 64Gb 4 Ram...;$ 1.200.000;$ 949.900;null;-20%;2
Huawei Y9 Prime 2019 Verde;null;$ 1.199.900;null;null;
Galaxy Note 5 32gb 4gb Ram - Negro;$ 1.236.900;$ 746.900;null;-39%;5
"Xperia XZ  5.2"" 32GB 3GB RAM 23MP - Negr...";$ 950.000;$ 520.000;null;-45%;4
Celular LG V20 64gb 4gb Ram 16mp 4g Lte...;$ 1.099.000;$ 560.900;null;-48%;6
Reloj Inteligente Smartwatch Sim SD Blue...;$ 149.900;$ 69.900;null;-53%;2
Celular Smartphone Libre Alcatel Pulse M...;$ 310.000;$ 274.900;null;-11%;4
google pixel-3a-64G  Negro;$ 2.180.489;$ 1.744.392;null;-19%;12
Samsung Galaxy S10 Prisma Azul;null;$ 3.299.900;null;null;4
Apple iPhone 7(128GB)  Negro brillante;$ 1.923.629;$ 1.458.388;null;-24%;13
Celular Moto E6 Plus - Rojo;$ 699.900;$ 549.900;null;-21%;6
Apple iPhone 6SP(32GB)  Oro rosa;$ 1.610.889;$ 1.318.349;null;-18%;?
Celular Huawei Y9 Prime 2019 128GB Verde;$ 1.249.980;$ 866.980;null;-30%;8
Celular Alcatel 3X, 32GB, 3ROM, 4G LTE,...;$ 499.900;$ 349.900;null;-30%;3
samsung S7edge G935FD-32G Negro;$ 1.695.789;$ 1.187.202;null;-29%;?
Apple iPhone 6SP(64GB)  Rosa dorada;$ 1.996.797;$ 1.407.262;null;-29%;?
Apple IPhone 7 32GB-Plata;null;$ 1.890.402;null;null;8
"GALAXY S7 5.1"" 32gb 4gb Ram Lte 12MP - D...";$ 990.600;$ 650.900;null;-34%;5
iPhone XR 64 GB - Blanco;$ 3.499.990;$ 2.499.990;null;-28%;8
samsung note9 N960FD 6+64G Azul;$ 3.861.195;$ 2.591.289;null;-32%;10
"Samsung GALAXY S7 5.1"" 32gb 4gb Ram 4g L...";$ 890.900;$ 650.000;null;-27%;5
samsung S8 G950F 4+64G Plata;$ 2.262.611;$ 1.546.560;null;-31%;10
Samsung Galaxy S7 G9300 5.1 Pulgadas 4 G...;null;$ 1.756.252;null;null;5
"Samsung GALAXY S6 Edge 5.1"" 32gb 3gb Ram...";$ 892.000;$ 650.900;null;-27%;6
Celular Samsung A01 Rojo;$ 550.000;$ 469.900;null;-14%;2
Apple iPhone 7P(128GB)  Oro;$ 2.601.592;$ 2.218.595;null;-14%;13
Celular Smartphone Neffos C5 Negro;null;$ 389.900;null;null;4
samsung S9 G960FD 4+64G Negro;$ 2.985.956;$ 1.937.778;null;-35%;?
Iphone 6 128GB - Gris;$ 1.369.289;$ 1.053.299;null;-23%;8
CELULAR KRONO PLAY K7 GRIS / VERDE;$ 69.900;$ 44.900;null;-35%;4
Celular Krono Net Titan - 32GB Plateado;$ 295.900;$ 244.900;null;-17%;
Samsung Galaxy S10 Essential / Negro Pri...;null;$ 2.699.900;null;null;5
Apple iPhone 7(128GB)  Rosa dorada;$ 1.923.629;$ 1.458.388;null;-24%;?
Iphone 5C 32GB - Rojo;$ 836.241;$ 643.299;null;-23%;8
iPhone 8 Negro 64Gb;$ 2.200.000;$ 2.039.900;null;-7%;2
Smartphone Umidigi X 4G 128GB-Flame Blac...;$ 1.037.900;$ 829.900;null;-20%;?
Celular Samsung Galaxy A10s 32GB Rojo;$ 549.900;$ 505.200;null;-8%;2
"Oukitel K6000 Plus 5,5 ""FHD Octa Core An...";null;$ 678.900;null;null;6
Iphone 5S 64GB - Dorado;$ 1.016.755;$ 782.199;null;-23%;8
Versión Global Xiaomi 9T Pro 6GB+128GB 6...;null;$ 2.150.200;null;null;4
Iphone 11 Pro 64GB Space/Grey -Grisb Unl...;$ 5.999.000;$ 4.999.000;null;-16%;13
Auriculares Audifonos Inalambricos i9S P...;$ 95.000;$ 69.990;null;-26%;12
Caterpillar Cat S61 - Trabajo Pesado Dob...;$ 4.799.900;$ 3.990.000;null;-16%;?
IPhone 11 128gb Rojo Unlocked;$ 4.959.000;$ 3.670.000;null;-25%;13
Celular Xiaomi Mi Note 10 Lite 6GB 64GB...;null;$ 1.559.851;null;null;?
google pixel-128G  Negro;$ 1.096.860;$ 877.488;null;-20%;12
Porta Documentos Organizador Viaje Porta...;$ 29.700;$ 21.990;null;-25%;12
Apple iPhone 7P(128GB)  Rojo;$ 2.601.592;$ 2.218.595;null;-14%;?
google pixel-3XL-64G Blanco;$ 2.847.338;$ 2.277.870;null;-20%;12
IPhone 7 Dorado 32GB + Audífonos Inalámb...;$ 1.800.000;$ 1.609.900;null;-10%;?
Reloj Inteligente SmartWatch Tipo Gear 2...;$ 119.900;$ 54.900;null;-54%;
Apple iPhone 7(32GB)  Oscuro;$ 1.766.179;$ 1.228.695;null;-30%;?
Celular Motorola One Action 128 Gb 4 Gb...;null;$ 1.189.900;null;null;6
google pixel-2-128G  Blanco;$ 1.661.829;$ 1.329.463;null;-20%;12
Cargador iPhone + cable lightning 1 Metr...;$ 89.900;$ 34.990;null;-61%;2
Simcard Prepago Tigo 4G;null;$ 3.000;null;null;?
M4 Smart Band Watch Reloj Inteligente Pu...;$ 79.900;$ 37.900;null;-52%;
Celular Moto E6 Plus 64GB;$ 629.900;$ 499.900;$ 449.900;-20%;
Apple IPhone 7 32GB-Negro Mate;null;$ 1.890.402;null;null;8
Celular Samsung Galaxy A30s Negro - 1 Añ...;null;$ 890.000;null;null;6
IPhone 7 Negro 128GB + Airpods 2;$ 2.800.000;$ 2.519.900;null;-10%;13
Smartphone Bmobile AX684 4GB Negro;null;$ 144.900;$ 134.900;null;2
Celular Samsung A01 Rojo;$ 489.900;$ 432.200;null;-11%;
Celular Honor 7S 16GB Dorado;null;$ 399.900;null;null;8
Iphone 6S 128GB - Gris;$ 1.598.649;$ 1.229.799;null;-23%;8
iPhone 11 Pro Max 256GB Grey/Gris;$ 8.999.000;$ 7.999.000;null;-11%;?
"Xperia XZ1  5.2""  64GB 4GB RAM 19MP LTE...";$ 1.399.900;$ 890.900;null;-36%;4
Apple iPhone 8P(64GB)  Plata;$ 3.272.145;$ 2.725.400;null;-16%;?
Iphone 6S 64GB - Gris;$ 1.499.542;$ 1.153.499;null;-23%;8
google pixel-128G Azul;$ 1.096.860;$ 877.488;null;-20%;12
Celular Samsung A10s 32Gb - Azul;$ 719.900;$ 519.900;null;-27%;4
Celular Samsung A51 128GB - Blanco;$ 2.000.000;$ 1.479.700;null;-26%;10
google pixel-XL-128G Blanco;$ 1.133.907;$ 907.126;null;-19%;12
Apple iPhone 6S(64GB)  Oro;$ 1.495.735;$ 1.117.554;null;-25%;13
Sim Card Flash Mobile Colombia / Reposic...;$ 10.000;$ 7.000;null;-30%;4
Apple Iphone Xr 64gb White;$ 4.999.999;$ 3.229.000;null;-35%;13
PIM4 Monedero llavero peluche pollo amor...;$ 23.000;$ 7.500;null;-67%;11
Xiaomi Redmi Note 8 128GB ROM+4GB RAM  -...;$ 859.000;$ 689.000;null;-19%;4
google pixel-2-64G  Azul;$ 1.365.452;$ 1.092.362;null;-19%;12
Apple iPhone 8 (256GB)  Rojo;$ 2.909.083;$ 2.205.258;null;-24%;13
Iphone 5S 64GB - Plata;$ 1.016.755;$ 782.199;null;-23%;8
Huawei Y7 2019 Negro Dual Sim;$ 699.900;$ 509.900;null;-27%;
Celular Xiaomi Redmi Note 9S 64Gb Gray;$ 1.199.900;$ 849.900;null;-29%;
Celular Nokia 106 Color Negro;$ 149.900;$ 139.900;null;-6%;2
google pixel-2-128G  Azul;$ 1.689.615;$ 1.351.692;null;-20%;12
Apple iPhone 6 (64GB);$ 1.219.116;$ 889.343;null;-27%;?
samsung S7 G930F-32G Rosa;$ 1.406.358;$ 1.070.874;null;-23%;11
Celular Huawei P30 Lite - Negro;null;$ 1.299.900;null;null;
CELULAR KRONO K 8 NEGRO;$ 69.900;$ 44.900;null;-35%;11
Celular iPhone 11 64 GB Rojo;$ 3.999.000;$ 3.699.000;null;-7%;?
samsung S10+ G975FD 8+128G  Negro;$ 4.235.680;$ 3.388.544;null;-20%;10
Tarjeta gráfica profesional para juegos...;$ 301.906;$ 215.790;null;-28%;12
iPhone 11 128 GB Color Amarillo;$ 4.599.900;$ 3.599.000;null;-21%;2
Celular Samsung Galaxy Note 8 64GB - Dor...;null;$ 1.399.900;null;null;8
Adaptador Convertidor De Micro Usb Para...;$ 5.000;$ 4.990;null;null;4
google pixel-2XL-128G Blanco;$ 2.041.563;$ 1.633.250;null;-20%;12
Samsung Galaxy A10 S Rojo;$ 600.000;$ 589.900;null;-1%;3
Celular Samsung A01 Rojo;null;$ 550.000;null;null;?
Apple iPhone 6SP(128GB)  Rosa dorada;$ 2.080.153;$ 1.459.128;null;-29%;13
Smatphone TP-Link Neffos C9A Dual Sim-Pl...;$ 499.900;$ 299.900;null;-40%;
Celular Samsung A01 Azul;$ 550.000;$ 469.900;null;-14%;2
telefono celular blu tank ii t193 libera...;null;$ 204.990;null;null;?
Celular Alcatel 3X, 32GB, 3ROM, 4G LTE,...;$ 499.900;$ 349.900;null;-30%;2
Apple iPhone 7 32GB-Negro Brillante;null;$ 2.000.000;null;null;8
Samsung Galaxy A30S 64 GB 4 GB Dual Sim-...;$ 780.000;$ 749.900;null;-3%;3
Apple iPhone 7(128GB)  Oro;$ 1.923.629;$ 1.458.388;null;-24%;?
samsung S9+ G965FD 6+64G  Púrpura;$ 3.268.441;$ 2.145.242;null;-34%;10
Celular Hyundai E553 16GB Dual Sim Card...;$ 399.900;$ 279.900;null;-30%;11
"Redmi Note 9S 6GB+128GB 6.67"" 4G Smartph...";$ 1.578.800;$ 1.088.800;null;-31%;?
Celular LG K51S 64GB;null;$ 699.900;null;null;11
Celular Motorola One Action 128 Gb 4 Gb...;null;$ 1.189.900;null;null;2
"GALAXY S7 5.1"" 32gb 4gb Ram Lte 12MP - P...";$ 990.600;$ 650.900;null;-34%;5
Iphone 11 Pro Max 64GB Gold/Oro Unlocked;$ 6.999.000;$ 5.999.000;null;-14%;13
Apple Iphone Xr 64gb Blue/Azul Unlocked;$ 4.999.999;$ 3.229.000;null;-35%;?
Galaxy S7 Edge 32GB 4GB RAM - Dorado;$ 1.323.900;$ 890.900;null;-32%;5
Celular L502 Dorado Hyundai;null;$ 344.900;null;null;?
SAMSUNG A30S SM A307G/DS 64GB BLANCO;$ 780.000;$ 749.900;null;-3%;5
iPhone 7 32GB - SemiNuevo- Black Matte;$ 1.299.990;$ 799.990;null;-38%;
CELULAR LG Q60 64 GB DS 4G AZUL;$ 720.000;$ 549.900;null;-23%;
Celular Movic HERO 3 blanco;$ 190.000;$ 150.000;null;-21%;2
Celular Apple IPhone 7 32GB-Negro Mate;null;$ 2.799.900;null;null;8
"Galaxy S6 - 5.1""- 32GB - 3GB RAM Pantall...";$ 699.000;$ 560.000;null;-19%;5
Apple iPhone 11 128 GB Color Verde;$ 4.599.900;$ 3.599.000;null;-21%;2
Cat S41 Smartphone Caterpillar;$ 2.200.900;$ 1.949.900;null;-11%;?
IPhone 7 Dorado 32GB;$ 1.700.000;$ 1.549.900;null;-8%;3
Apple Iphone 11 64GB Verde/Green;$ 5.600.000;$ 3.600.000;null;-35%;?
samsung S8 G950FD 4+64G Azul;$ 2.267.241;$ 1.550.264;null;-31%;10
Celular LG K61 Titanium 128GB;null;$ 999.900;null;null;11
Tarjeta de sonido USB Clear and Clear 3D...;$ 69.506;$ 49.790;null;-28%;12
Celular  Honor 7S  16 GB – Azul;null;$ 399.900;null;null;2
Control Gamepad Dobe TI465 Gamepad Bluet...;$ 95.000;$ 75.000;null;-21%;12
Apple iPhone 7P(32GB)  Negro brillante;$ 2.462.665;$ 2.018.540;null;-18%;13
Xiaomi POCO F2 Pro 6GB 128GB Versión Glo...;$ 3.688.499;$ 2.543.789;null;-31%;?
Apple Iphone Xr 64gb Coral;$ 4.999.999;$ 3.229.000;null;-35%;?
Xiaomi Mi 9T  6GB RAM +64GB ROM- Rojo;$ 1.999.000;$ 1.490.000;null;-25%;4
10 M10 32gb Snapdragon 4gb Ram Sensor De...;$ 669.000;$ 519.000;null;-22%;?
Galaxy S7 Edge 32GB 4GB RAM - Negro;$ 1.323.900;$ 890.900;null;-32%;6
Celular Samsung Galaxy S7 32gb 4g Lte De...;$ 990.900;$ 650.900;null;-34%;5
BT Smart Fingerprint Candado Desbloqueo...;$ 92.186;$ 65.990;null;-28%;12
Celular Krono Net Titan - 32GB Negro;$ 295.900;$ 244.900;null;-17%;
Celular Nokia 5 - Blanco;$ 690.900;$ 489.410;null;-29%;?
Celular Huawei P30 Lite de 128GB/4 Color...;$ 1.299.900;$ 939.900;null;-27%;8
Samsung Galaxy S20 Ultra Cosmic Gray;null;$ 5.499.900;null;null;5
Xiaomi POCO F2 Pro 6GB 128GB Versión Glo...;$ 3.688.499;$ 2.543.789;null;-31%;?
Celular Xiaomi Redmi Note 9 Pro 64MP 6GB...;$ 1.499.000;$ 1.399.000;null;-6%;?
Huawei Y5 2019;$ 459.900;$ 389.900;null;-15%;?
Iphone 6 16GB - Gris;$ 1.151.257;$ 885.599;null;-23%;8
Apple Iphone 11 64GB - Blanco;$ 5.600.000;$ 3.600.000;null;-35%;13
Samsung Galaxy S9+ 64GB Midnight Black -...;$ 1.800.990;$ 1.565.900;null;-13%;8
Celular Moto G7 Xt1962-4 7 Gen Octa Core...;null;$ 1.169.900;null;null;6
Apple iPhone 8P(256GB)  Negro;$ 3.781.544;$ 3.088.462;null;-18%;?
Celular Huawei P30 Lite - Azul;$ 1.229.900;$ 938.900;null;-23%;2
Celular Huawei Y9 Prime 2019 128gb Verde;$ 999.900;$ 869.900;null;-13%;?
Control Remoto Obturador Bluetooth Smart...;$ 50.000;$ 27.639;null;-44%;11
Apple iPhone 6SP(32GB)  Oro;$ 1.610.889;$ 1.318.349;null;-18%;12
"Samsung GALAXY S7 edge 5.5"" 32gb 4gb Ram...";$ 1.323.900;$ 890.900;null;-32%;5
google pixel-2-64G  Blanco;$ 1.337.667;$ 1.070.133;null;-20%;12
Celular Movic F6002 Morado;$ 320.000;$ 280.000;null;-12%;3
iPhone 7 Blanco 128GB;$ 2.000.000;$ 1.789.900;null;-10%;?
iPhone 11 256 GB;null;$ 4.179.000;null;null;2
Apple iPhone 8 (64GB)  Oro;$ 2.696.062;$ 1.871.834;null;-30%;?
Reloj Inteligente Smartwatch Cámara Noti...;$ 310.598;$ 252.900;null;-18%;?
Caterpillar S41 Negro - Dual Sim;$ 1.899.900;$ 1.679.900;null;-11%;3
Código Spotify Premium 90.000 6 Meses Tv...;null;$ 129.900;null;null;6
Realme 6 Pro 128GB 8GB RAM - Rojo - RMX2...;$ 1.599.000;$ 1.349.000;null;-15%;11
Celular Samsung Galaxy A70 DS 128GB - Ne...;$ 2.099.999;$ 1.650.399;null;-21%;5
Reloj Inteligente Smartwatch Sim SD Blue...;$ 149.900;$ 67.900;null;-54%;2
Celular Huawei Y9 Prime 2019 128gb Azul;$ 999.900;$ 869.900;null;-13%;?
Open Box Celular Infinix Note 4 X572 16G...;$ 609.600;$ 469.900;null;-22%;8
iPhone 11 Pro Max 256GB Sim  - Color Gol...;$ 8.999.000;$ 7.999.000;null;-11%;?
samsung note8 N950FD 6+64G  Azul;$ 2.835.915;$ 1.864.424;null;-34%;?
Apple iPhone 7P(128GB)  Rosa dorada;$ 2.601.592;$ 2.218.595;null;-14%;?
"Galaxy S6 Edge 5.1""  32GB 3GB RAM - Blan...";$ 692.000;$ 652.900;null;-5%;6
"Samsung Galaxy Note 4 5.7"" 32gb 3gb Ram...";$ 699.000;$ 560.000;null;-19%;4
Samsung Galaxy Note 10 Plus 256 GB / Aur...;$ 4.399.900;$ 3.549.000;null;-19%;
samsung S10 G973F 8+128G  Verde;$ 3.860.578;$ 3.088.462;null;-20%;?
CELULAR KRONO PLAY K7 NEGRO / AZUL;$ 59.900;$ 44.900;null;-25%;11
"Samsung Galaxy Note 5 5.7"" 32gb 4gb Ram...";$ 885.900;$ 746.900;null;-15%;4
google pixel-3-64G Negro;$ 2.847.338;$ 2.277.870;null;-20%;12
IPhone 11 128gb Violeta/Purple Unlocked;$ 4.959.000;$ 3.689.000;null;-25%;13
iPhone 7+ Plus Negro 32GB;$ 2.200.000;$ 1.979.900;null;-10%;13
Celular iphone Se 2020 64Gb - blanco;$ 2.999.000;$ 2.099.000;null;-30%;
Celular Neffos N105 Libre Flecho Negro D...;$ 60.900;$ 42.510;null;-30%;?
OPPO Realme 6 Versión Global 8GB 128GB 6...;$ 1.924.719;$ 1.327.389;null;-31%;11
Smartphone Xiaomi Redmi 5 Plus 32gb 5.99...;null;$ 569.550;null;null;4
google pixel-2XL-64G  Blanco;$ 1.689.615;$ 1.351.692;null;-20%;12
iPhone 11 256 GB;null;$ 4.179.000;null;null;2
SanDisk Ultra 128GB SDXC Memory Card 80M...;$ 171.900;$ 128.900;null;-25%;4
Samsung Galaxy A10s 32GB DS - Azul;$ 549.900;$ 505.200;null;-8%;2
"GALAXY S7 5.1"" 32gb 4gb Ram Lte 12MP - N...";$ 990.600;$ 650.900;null;-34%;5
samsung S9+ G965F 6+64G  Gris;$ 3.245.286;$ 2.123.013;null;-34%;10
Sim Card Prepago Movistar 4gLTE Colombia;$ 5.000;$ 3.000;null;-40%;4
samsung S9 G960F 4+64G Gris;$ 2.962.802;$ 1.900.730;null;-35%;?
iPhone 8 64GB - Silver;null;$ 2.000.000;null;null;8
Iphone 11 Pro Max 64GB Midnight Green/Ve...;$ 6.999.000;$ 5.999.000;null;-14%;?
Neffos N105 Dual Sim;null;$ 49.900;null;null;4
"Galaxy S6 Edge 5.1""  32GB 3GB RAM - Dora...";$ 692.000;$ 652.900;null;-5%;5
Porta Documentos Organizador Viaje Porta...;$ 30.800;$ 21.990;null;-28%;12
Iphone 11 Pro 64GB Midnight Silver/Plata...;$ 5.999.000;$ 4.999.000;null;-16%;?
SAMSUNG GALAXY A01 SM AO15M 32GB DS/ NEG...;$ 599.900;$ 449.900;null;-25%;6
Celular Hyundai E475 16GB Dual Sim Card...;null;$ 255.900;null;null;?
Audifonos Inalambricos Bluetooth Air Man...;$ 80.000;$ 49.990;null;-37%;3
iPhone 8+ Plus Negro 64Gb;$ 2.900.000;$ 2.639.900;null;-8%;?
"Celular Samsung Galaxy Note 5 5.7"" 32gb...";$ 885.900;$ 746.900;null;-15%;6
Apple iPhone 6s 64GB Desbloqueado - Gris...;$ 999.999;$ 859.990;null;-14%;?
OPPO Realme 6 Versión Global 4GB 128GB 6...;$ 1.714.719;$ 1.182.559;null;-31%;11
"HTC DESIRE 10 Pro 5.5"" 64gb/4gb 4g Lte F...";$ 667.000;$ 519.900;null;-22%;?
iPhone 11 Pro Max 256GB Green/Verde;$ 8.999.000;$ 7.999.000;null;-11%;?
Apple iPhone 7(32GB)  Oro;$ 1.766.179;$ 1.228.695;null;-30%;13
Reloj Inteligente para Smartphone Androi...;$ 119.900;$ 54.900;null;-54%;3
Cargador Celular Tablet Carga Rápida 3.0...;$ 59.426;$ 38.711;null;-34%;12
Celular Huawei Y6 2019 32GB;$ 549.900;$ 429.900;null;-21%;4
Smartphone Apple Iphone 11 Pro Max 256Gb...;$ 6.499.000;$ 5.899.000;null;-9%;2
Motorola Moto E5 Play 16 GB;$ 450.900;$ 389.900;null;-13%;6
samsung note8 N950FD 6+64G  Púrpura;$ 2.835.915;$ 1.864.424;null;-34%;11
Iphone 5S 32GB - Gris;$ 950.213;$ 730.999;null;-23%;8
"Samsung GALAXY S7 edge 5.5"" 32gb 4gb Ram...";$ 1.323.900;$ 890.900;null;-32%;5
Huawei Y5 2019;$ 459.900;$ 389.900;null;-15%;?
"Celular Samsung Galaxy Note 5 5.7"" 32gb...";$ 885.900;$ 746.000;null;-15%;6
Realme C3 64GB 3GB RAM - Rojo;$ 599.900;$ 549.900;null;-8%;11
Celular Samsung Galaxy A30S 128GB Violet...;$ 1.299.900;$ 749.900;null;-42%;
Filtro ND Densidad Neutra Variable Para...;$ 210.000;$ 165.000;null;-21%;6
Celular Krono Net Volt Rojo;$ 299.900;$ 263.900;null;-12%;2
Smartphone HTC Wildfire E Negro;$ 599.900;$ 429.900;$ 399.900;-28%;2
Meiigoo S9, 4GB + 32GB, 6.18 Pulgadas;$ 826.900;$ 578.900;null;-29%;6
Celular Samsung Galaxy Note 5 5.7 32gb 4...;$ 1.245.900;$ 746.900;null;-40%;5
google pixel-XL-128G Negro;$ 1.133.907;$ 907.126;null;-19%;12
OPPO Realme 6 Versión Global 8GB 128GB 6...;$ 1.924.719;$ 1.327.389;null;-31%;11
Celular Samsung Galaxy A10s;$ 549.900;$ 499.900;$ 479.900;-9%;3
Apple Iphone 11 64GB Violeta/Purple Unlo...;$ 5.600.000;$ 3.600.000;null;-35%;13
SmartBand M4 Smart Band Watch Pulsera In...;$ 79.900;$ 37.900;null;-52%;2
Galaxy Note 5 32gb 4gb Ram - Dorado;$ 1.236.900;$ 746.900;null;-39%;5
Celular Movic F6004 negro;$ 280.000;$ 240.000;null;-14%;2
google pixel-3-64G Blanco;$ 2.847.338;$ 2.277.870;null;-20%;12
samsung S10 G973FD 8+128G  Negro;$ 4.064.337;$ 3.251.470;null;-19%;?
iPhone 11 Pro 256 GB Space Grey;$ 6.669.000;$ 5.669.000;null;-14%;13
Apple iPhone 7(256GB)  Oro;$ 2.090.341;$ 1.495.435;null;-28%;13
Apple iPhone 6S(64GB)  Plata;$ 1.495.735;$ 1.117.554;null;-25%;13
"Samsung GALAXY S6 Edge 5.1"" 32gb 3gb Ram...";$ 692.000;$ 650.900;null;-5%;5
Celular Caterpillar CAT S31 - CATERPILLA...;$ 999.990;$ 779.890;null;-22%;2
Celular Nokia 106 Linterna Radio FM Colo...;$ 99.900;$ 94.900;null;-5%;2
Samsung Galaxy A30s 64 GB /  WHITE;null;$ 999.900;$ 703.900;null;10
Celular Samsung Galaxy Note 5 5.7 32gb 4...;$ 1.245.900;$ 746.900;null;-40%;6
Xiaomi Redmi Note 8 Pro Versión Global 6...;$ 1.673.900;$ 1.338.900;null;-20%;?
samsung note8 N950F 6+64G  Negro;$ 2.826.653;$ 1.860.720;null;-34%;10
Celular LG K41S 32GB;null;$ 599.900;null;null;11
Convertidor Bluetooth Adaptador Recargab...;$ 71.078;$ 51.900;null;-26%;11
iPhone 8 64 GB - Silver;$ 2.499.990;$ 1.299.990;null;-48%;8
Celular Hyundai E553 16GB Dual Sim Card...;$ 399.900;$ 279.900;null;-30%;3
Iphone 6 16GB - Plata;$ 1.151.257;$ 885.599;null;-23%;8
Iphone 7 32GB - SemiNuevo- Rose;null;$ 839.990;null;null;
samsung S10+ G975FD 8+128G Blanco;$ 4.235.680;$ 3.388.544;null;-20%;10
Celular Samsung Galaxy S20 128GB - Azul;$ 4.299.000;$ 3.379.000;null;-21%;
Xiaomi Redmi Note 8 64GB ROM 4GB RAM Glo...;$ 779.800;$ 645.900;null;-17%;4
Apple iPhone 6S(128GB)  Plata;$ 1.579.091;$ 1.162.010;null;-26%;?
SIM CARD PREPAGO CLARO;null;$ 5.000;null;null;12
Celular Hyundai L553 16GB Dual Sim Card...;$ 439.900;$ 296.900;null;-32%;11
IPhone 11 128gb Blanco/White  Unlocked;$ 4.959.000;$ 3.679.000;null;-25%;?
Apple iPhone 6S(128GB)  Rosa dorada;$ 1.579.091;$ 1.162.010;null;-26%;?
samsung S7 G930F-32G Azul;$ 1.406.358;$ 1.070.874;null;-23%;?
samsung S10+ G975F 8+128G Azul;$ 4.087.491;$ 3.269.993;null;-19%;10
CELULAR LG Q60 64 GB DS 4G NEGRO;$ 720.000;$ 549.900;null;-23%;
samsung S9 G960F 4+64G Púrpura;$ 2.962.802;$ 1.900.730;null;-35%;?
Decodificador Tdt Celular Tablet Android...;$ 169.475;$ 129.900;null;-23%;6
Apple iPhone X(64GB)  Plata;$ 4.324.284;$ 3.146.997;null;-27%;13
Reloj Smartwatch Tipo i Watch Sim SD Blu...;$ 109.900;$ 54.900;null;-50%;2
Celular Hyundai L465 8GB Dual Sim Card 4...;$ 329.900;$ 191.900;null;-41%;11
Celular Samsung A01 Rojo 32GB;$ 539.900;$ 479.900;null;-11%;5
Celular Xiaomi Mi 9T Pro 6GB + 64GB -Azu...;$ 1.900.000;$ 1.648.000;null;-13%;4
Apple Iphone 11 64GB Amarillo/Yellow;$ 5.600.000;$ 3.600.000;null;-35%;?
Apple iPhone SE 64GB - Negro;$ 2.499.000;$ 2.299.999;null;-7%;3
google pixel-3a-64G  púrpura;$ 2.180.489;$ 1.744.392;null;-19%;12
Samsung Galaxy S10+ black;null;$ 3.699.900;null;null;8
Versión Global Xiaomi Mi A1 4GB 32GB Tel...;null;$ 700.000;null;null;4
Celular E553 Azul Hyundai;null;$ 279.900;null;null;?
PCI-E V8.4D EXP GDC Tarjeta de video ext...;$ 177.866;$ 127.190;null;-28%;12
"Galaxy Note 4 5.7"" 32gb 3gb Ram 4g Lte -...";$ 699.000;$ 560.000;null;-19%;5
Celular Xiaomi Redmi Note 9s /64gb/48mp/...;$ 1.800.000;$ 995.000;null;-44%;2
Xiaomi Redmi Note8  Pro 6 + 128GB global...;$ 1.029.000;$ 1.028.000;null;null;4
Apple iPhone 7P(32GB)  Oro;$ 2.462.665;$ 2.018.540;null;-18%;13
Samsung Galaxy S9+ 64GB Coral Blue - Sin...;$ 1.800.990;$ 1.565.900;null;-13%;8
Apple iPhone 7(32GB)  Rosa dorada;$ 1.766.179;$ 1.228.695;null;-30%;13
"Samsung Galaxy S6 Edge 32GB 3GB 5.1"" 4G...";$ 952.900;$ 652.900;null;-31%;10
Sim Card Prepago Etb 4gLTE;$ 5.000;$ 3.000;null;-40%;4
google pixel-2-64G  Negro;$ 1.337.667;$ 1.070.133;null;-20%;12
google pixel-3XL-64G Polvo;$ 2.847.338;$ 2.277.870;null;-20%;12
Apple iPhone 8 (256GB)  Negro;$ 2.909.083;$ 2.205.258;null;-24%;13
Celular Samsung Galaxy Note 5 5.7 32gb 4...;$ 1.245.900;$ 746.900;null;-40%;5
samsung S8 G950FD 4+64G Oro;$ 2.267.241;$ 1.550.264;null;-31%;10
Xiaomi Redmi Note 8 128GB;$ 959.900;$ 845.900;null;-11%;8
iPhone 7 Blanco 32GB;$ 1.700.000;$ 1.549.900;null;-8%;?
Celular Samsung Galaxy S7 Edge 32gb 4ram...;$ 1.233.000;$ 890.900;null;-27%;5
Apple iPhone 6S(128GB)  Gris;$ 1.579.091;$ 1.162.010;null;-26%;?
Celular  Samsung Galaxy S4 Desbloqueado...;null;$ 700.000;null;null;?
Reloj Inteligente SmartWatch Tipo Gear 2...;$ 119.900;$ 49.900;null;-58%;
Apple iPhone 7 32GB-Plata;null;$ 2.000.000;null;null;8
Celular Samsung Galaxy Z Flip 256GB;null;$ 6.999.900;$ 6.899.900;null;10
Celular Xiaomi Redmi Note 9s 64Gb - Azul;$ 1.549.000;$ 849.000;null;-45%;2
M4 Smart Band Watch Reloj Inteligente Pu...;$ 79.900;$ 37.900;null;-52%;
Celular Samsung A10 32Gb Negro;$ 600.000;$ 529.900;null;-11%;6
SIM CARD PREPAGO MOVISTAR;null;$ 5.000;null;null;4
APPLE IPHONE 6S 64GB-4.7;$ 1.699.900;$ 1.499.900;null;-11%;6
Teléfono De Triple Prueba AGM A8, 3 GB +...;$ 816.900;$ 571.900;null;-29%;?
Celular LG K41S 32GB;null;$ 599.900;null;null;11
Apple iPhone 8 (256GB)  Plata;$ 2.909.083;$ 2.205.258;null;-24%;13
samsung S10 G973F 8+128G  Negro;$ 3.860.578;$ 3.088.462;null;-20%;10
"Xperia XZ  5.2"" 32GB 3GB RAM 23MP - Azul";$ 950.000;$ 520.000;null;-45%;4
CAT S31 Dual SIM Trabajo pesado CAT;$ 1.199.900;$ 779.900;null;-35%;
celular nokia 5 libre OC 16gb android du...;$ 690.900;$ 489.410;null;-29%;11
Samsung Galaxy A10s 2GB 32GB Dual SIM-Ne...;$ 599.900;$ 499.900;null;-16%;3
Apple iPhone 7P(128GB)  Plata;$ 2.601.592;$ 2.218.595;null;-14%;?
Celular Samsung Galaxy Note 5 5.7 32gb 4...;$ 1.245.900;$ 746.900;null;-40%;5
"Samsung GALAXY S6 Edge 5.1"" 32gb 3gb Ram...";$ 892.000;$ 650.900;null;-27%;5
Apple iPhone 7(32GB)  Negro brillante;$ 1.766.179;$ 1.228.695;null;-30%;?
"Galaxy S6 - 5.1""- 32GB - 3GB RAM Pantall...";$ 699.000;$ 560.000;null;-19%;5
Celular Huawei Y9 Prime De 128GB Color N...;$ 1.199.000;$ 854.900;null;-28%;?
Apple iPhone SE 64GB - Blanco;$ 2.499.000;$ 2.299.999;null;-7%;13
Celular Redmi Note 8 64GB Xiaomi;$ 1.159.900;$ 669.900;$ 649.900;-42%;
Celular Motorola One 64GB - Negro;$ 999.900;$ 629.900;null;-37%;6
Walkie Talkie/ 2 Unids UHF 400-480 MHz R...;$ 300.274;$ 218.900;null;-27%;?
samsung S9+ G965FD 6+64G  Gris;$ 3.268.441;$ 2.145.242;null;-34%;?
Cargador De Pilas Beston C812B;$ 58.900;$ 29.900;null;-49%;?
Samsung A01 Rojo;$ 599.999;$ 500.000;null;-16%;?
"Samsung Galaxy Note 4 5.7"" 32gb 3gb Ram...";$ 699.000;$ 560.000;null;-19%;5
Apple iPhone 6S(16GB)  Oro;$ 1.329.022;$ 1.013.822;null;-23%;?
Iphone 5C 32GB - Azul;$ 836.241;$ 643.299;null;-23%;8
Telefono Celular Mobile phone C1 Negro;$ 70.000;$ 58.900;null;-15%;12
MOTOROLA E6PLUS;null;$ 548.000;null;null;11
Xiaomi POCO F2 Pro 6GB 128GB Versión Glo...;$ 3.688.499;$ 2.543.789;null;-31%;?
Xiaomi Redmi Note8  Pro 6 + 128GB global...;$ 1.029.000;$ 1.027.500;null;null;4
Apple iPhone 7P(256GB)  Oscuro;$ 2.786.828;$ 2.292.689;null;-17%;13
Motorola Moto E6s 4g 32gb Cam Dual 13/2m...;$ 599.999;$ 540.000;null;-9%;11
Moto E6 S 32GB;$ 499.900;$ 419.900;$ 379.900;-16%;
Xiaomi Mi Max 2  64GB Negro;$ 1.048.429;$ 733.900;null;-30%;?
samsung S10 G973FD 8+128G  Verde;$ 4.064.337;$ 3.251.470;null;-19%;?
"Samsung GALAXY S7 5.1"" 32gb 4gb Ram 4g L...";$ 890.900;$ 650.000;null;-27%;5
Sim Card Prepago Claro 4gLTE;$ 5.000;$ 3.000;null;-40%;4
Celular Neffos C7 Lite;$ 299.900;$ 259.900;null;-13%;6
Apple iPhone 8 (256GB)  Oro;$ 2.909.083;$ 2.205.258;null;-24%;13
Iphone 6S 16GB - Gris;$ 1.151.257;$ 885.599;null;-23%;8
Celular Samsung Galaxy S10 Octacore 128...;null;$ 3.909.900;null;null;6
Apple iPhone 8P(64GB)  Rojo;$ 3.272.145;$ 2.725.400;null;-16%;?
Sim Card Prepago Tigo 4gLTE 2 Segundo;$ 5.000;$ 3.000;null;-40%;?
IPhone 11 128gb Verde/Green Unlocked;$ 4.959.000;$ 3.679.000;null;-25%;13
Xiaomi Mi A3 128GROM+4GM RAM Global vers...;$ 990.000;$ 807.080;null;-18%;4
Apple iPhone 7(256GB)  Plata;$ 2.090.341;$ 1.495.435;null;-28%;13
Celular Samsung Galaxy S10+ Plus 128GB -...;$ 3.499.900;$ 2.849.000;null;-18%;
Kit Destornilladores Celular De Precisió...;$ 12.000;$ 9.900;null;-17%;4
Samsung Galaxy S6 32GB 3GB Pantalla rect...;$ 759.000;$ 560.000;null;-26%;5
Smartphone Nokia Lumia 1520 16GB - Negro;null;$ 699.990;null;null;6
Celulares Lg G5 16mpx 32gb 4 Gb 4g Huell...;$ 990.900;$ 510.900;null;-48%;6
Realme 6 Pro 128GB 8GB RAM - Azul - RMX2...;$ 1.599.000;$ 1.349.000;null;-15%;11
google pixel-128G Blanco;$ 1.069.075;$ 855.260;null;-20%;12
Apple iPhone 6SP(64GB)  Plata;$ 1.996.797;$ 1.407.262;null;-29%;?
google pixel-32G Azul;$ 976.457;$ 781.166;null;-19%;12
Apple iPhone 7(128GB)  Plata;$ 1.923.629;$ 1.458.388;null;-24%;?
Neffos C9S Nebula Black Dual Sim 32GB;$ 549.900;$ 349.900;null;-36%;3
Celular Samsung Galaxy S7 Edge 32gb 4ram...;$ 1.233.000;$ 890.900;null;-27%;5
Huawei P Smart-Negro;null;$ 999.900;null;null;?
Iphone 11 64gb Red/Rojo Unlocked;$ 5.600.000;$ 3.600.000;null;-35%;?
Celular Samsung Galaxy A10s;$ 549.900;$ 499.900;$ 479.900;-9%;
Apple iPhone 6SP(16GB)  Rosa dorada;$ 1.802.300;$ 1.288.712;null;-28%;13
10 M10 32gb Snapdragon 4gb Ram Sensor De...;$ 669.000;$ 519.000;null;-22%;6
Celula Alcatel 1X  16GB gris oscuro;null;$ 399.900;null;null;?
Celular Xiaomi Redmi Note 9S 64 Gb;null;$ 1.299.999;null;null;?
samsung S7edge G935F-32G Rosa;$ 1.413.305;$ 1.187.202;null;-15%;?
Realme 6 128GB 4GB RAM - Blanco - RMX200...;$ 1.299.000;$ 1.099.000;null;-15%;3
Apple iPhone 8P(256GB)  Rojo;$ 3.781.544;$ 3.088.462;null;-18%;?
Celular Kenxinda W6 8GB Dual Sim Desbloq...;$ 199.900;$ 129.900;null;-35%;3
Celular Huawei Nova Plus Gris Oscuro;$ 625.900;$ 489.900;null;-21%;?
Xiaomi Redmi Note8 Pro 6 + 64GB Versión...;$ 1.280.000;$ 980.000;null;-23%;4
google pixel-3aXL-64G Blanco;$ 2.458.343;$ 1.966.674;null;-20%;12
Apple iPhone 7P(256GB)  Negro brillante;$ 2.786.828;$ 2.292.689;null;-17%;13
Original Xiaomi Redmi 7A 2+16G 4G Smartp...;$ 399.000;$ 337.000;null;-15%;4
Celular Samsung A20S   32GB DS 4G AZUL;$ 700.000;$ 620.000;null;-11%;3
Celular Motorola E6 Play 32GB Negro;$ 550.000;$ 430.000;null;-21%;11
Apple iPhone 6SP(128GB)  Oro;$ 2.080.153;$ 1.459.128;null;-29%;?
Celular Samsung A51 128GB - Blanco;$ 1.599.000;$ 1.169.000;null;-26%;
REDMI NOTE 8 64G AZUL;$ 829.900;$ 779.900;null;-6%;?
Celular Krono Net Titan - 32GB Dorado;$ 295.900;$ 244.900;null;-17%;
samsung S7edge G935F-32G Oro;$ 1.413.305;$ 1.187.202;null;-15%;?
Celular Huawei Y7 2018 16GB - Azul;$ 749.900;$ 449.900;null;-40%;3
IPhone?8 64GB - Oro;$ 2.417.660;$ 1.726.900;null;-28%;8
Samsung Galaxy A10s 2GB 32GB Dual SIM-Az...;$ 599.900;$ 499.900;null;-16%;3
Apple iPhone 8P(256GB)  Oro;$ 3.781.544;$ 3.088.462;null;-18%;?
Iphone 11 Pro Max 64GB Silver/Plata Unlo...;$ 6.999.000;$ 5.999.000;null;-14%;13
samsung note8 N950FD 6+64G  Negro;$ 2.835.915;$ 1.864.424;null;-34%;?
Apple iPhone 7(128GB)  Oscuro;$ 1.923.629;$ 1.458.388;null;-24%;13
Xiaomi Mi 9T  6GB RAM +64GB ROM- Negro;$ 1.999.000;$ 1.480.000;null;-25%;4
samsung S8 G950F 4+64G Azul;$ 2.262.611;$ 1.546.560;null;-31%;?
Samsung Galaxy A6s G6200 6G+128G,Purple;$ 1.468.900;$ 1.174.900;null;-20%;?
samsung S8+ G955FD 4+64G Azul;$ 2.512.679;$ 1.673.261;null;-33%;10
Auriculares Inalambricos Bluetooth Air 4...;$ 100.000;$ 49.990;null;-50%;4
Apple iPhone 7P(256GB)  Rosa dorada;$ 2.786.828;$ 2.292.689;null;-17%;13
Celular Smartphone Libre Alcatel Pulse M...;$ 310.000;$ 274.900;null;-11%;3
Celular Moto E6 Plus Grafito 4GB de Ram...;$ 750.000;$ 569.000;null;-24%;11
Apple IPhone 5s 16GB-Dorado;$ 382.990;$ 284.900;null;-25%;8
Celular Smartphone Neffos C5 Blanco;null;$ 389.900;null;null;3
Celular Motorola One Action 128 Gb 4 Gb...;$ 2.301.900;$ 1.437.900;null;-37%;6
Apple iPhone 8 (64GB)  Plata;$ 2.696.062;$ 1.871.834;null;-30%;?
Blackview BV6000 4G LTE Impermeable 32GB...;null;$ 668.900;null;null;?
Celular Infinix Note 4 Pro X571 32GB - O...;$ 794.280;$ 399.900;null;-49%;2
samsung S7edge G935F-32G Azul;$ 1.413.305;$ 1.187.202;null;-15%;?
Celular Hyundai E475 16GB Dual Sim Card...;null;$ 255.900;null;null;?
Tablet Celular 3G, D.D 16 GB, RAM 1 GB,...;$ 399.900;$ 239.900;null;-40%;
Huawei Y7 Rojo Dual Sim;null;$ 699.900;null;null;3
Iphone 5S 16GB - Plata;$ 900.660;$ 692.899;null;-23%;8
Apple iPhone 6S(16GB)  Rosa dorada;$ 1.329.022;$ 1.013.822;null;-23%;13
"Samsung GALAXY S7 5.1"" 32gb 4gb Ram 4g L...";$ 890.900;$ 650.000;null;-27%;6
Celular Xiaomi Redmi Note 8 64Gb 4 Ram 4...;$ 899.900;$ 689.900;null;-23%;
"Galaxy S8 5.8"" 64GB 4GB RAM 12MP - Dorad...";$ 2.959.900;$ 1.500.900;null;-49%;6
iPhone 8 Rojo 64Gb;$ 2.200.000;$ 2.039.900;null;-7%;3
Nuevo iPhone XS de 64GB;$ 5.999.900;$ 5.048.900;null;-15%;?
Apple iPhone 6SP(32GB)  gris;$ 1.610.889;$ 1.318.349;null;-18%;?
google pixel-32G Negro;$ 976.457;$ 781.166;null;-19%;12
Iphone 11 Pro 64GB Midnight Green/Verde...;$ 5.999.000;$ 4.999.000;null;-16%;13
Apple Iphone Xr 64gb Black;$ 4.999.999;$ 3.229.000;null;-35%;13
Xiaomi Redmi Note 8 64GB;null;$ 899.900;null;null;3
Celular Huawei Y7 2018 Dorado;$ 589.900;$ 479.900;null;-18%;?
Celular Samsung Galaxy A11;$ 649.900;$ 592.000;null;-8%;10
Celular LG K61 Titanium 128GB;null;$ 999.900;null;null;11
Reloj Inteligente Smartwatch Cámara Noti...;$ 300.900;$ 252.900;null;-15%;?
samsung S10+ G975F 8+128G Blanco;$ 4.087.491;$ 3.269.993;null;-19%;10
Apple iPhone X(256GB)  Negro;$ 4.574.353;$ 3.665.657;null;-19%;13
Samsung Galaxy S10e Blanco 128GB;$ 2.300.000;$ 2.099.900;null;-8%;
Celular Samsung Galaxy S20 Ultra 128GB +...;$ 5.499.900;$ 5.399.900;$ 5.299.900;-1%;2
Samsung Galaxy S8+ Plus Negro 64gb;$ 1.700.000;$ 1.579.900;null;-7%;?
Simcard Celulares Red 4g Lte Claro Prepa...;$ 3.000;$ 1.600;null;-46%;4
Celular Samsung Galaxy S7 Edge 32GB - Az...;null;$ 2.056.253;null;null;6
google pixel-XL-128G Azul;$ 1.133.907;$ 907.126;null;-19%;12
Celular KRONO NET LITE Plata;$ 214.900;$ 181.900;null;-15%;
samsung S10 G973FD 8+128G  Blanco;$ 4.064.337;$ 3.251.470;null;-19%;10
Celular Samsung Galaxy S7 32gb 4g Lte De...;$ 990.900;$ 650.900;null;-34%;6
Apple iPhone 8 (64GB)  Negro;$ 2.696.062;$ 1.871.834;null;-30%;?
CELULAR KRONO K8 AZUL;$ 69.900;$ 44.900;null;-35%;11
10 M10 32gb Snapdragon 4gb Ram Sensor De...;$ 669.000;$ 519.000;null;-22%;?
google pixel-3aXL-64G púrpura;$ 2.458.343;$ 1.966.674;null;-20%;12
Celular Samsung Galaxy A7 2018 64GB Andr...;null;$ 959.900;null;null;8
Celular Xiaomi Redmi 8 64GB;null;$ 899.900;$ 509.900;null;3
iPhone 7 Color:Negro 128GB;$ 2.000.000;$ 1.789.900;null;-10%;3
Celular Huawei P30 Lite 128GB;$ 1.299.900;$ 949.900;$ 749.900;-26%;
Celular Huawei Y5 2019 - Cafe Caramelo;null;$ 419.900;null;null;3
Iphone 7 32GB - Gold;$ 1.299.990;$ 799.999;null;-38%;
samsung S8+ G955FD 4+64G Negro;$ 2.512.679;$ 1.673.261;null;-33%;?
Apple Iphone 11 64GB Negro/Black Unlocke...;$ 5.600.000;$ 3.600.000;null;-35%;?
Reloj Smartwatch Sim SD Bluetooth Inteli...;$ 109.900;$ 54.900;null;-50%;2
"Redmi Note 9S 6GB+128GB 6.67"" 4G Smartph...";$ 1.578.800;$ 1.088.800;null;-31%;?
Galaxy S7 Edge 32GB 4GB RAM - Blanco;$ 1.323.900;$ 890.900;null;-32%;5
Galaxy Fit e Samsung  Unisex-Blanco;null;$ 149.900;null;null;6
Celulares Blu Studio Touch Cam 8mp Hd Qu...;$ 399.000;$ 300.000;null;-24%;?
Celular Xiaomi Redmi Note 9s 4gb/64gb In...;$ 1.149.900;$ 949.900;null;-17%;8
Celular Samsung Galaxy A11 Negro;$ 800.000;$ 605.570;null;-24%;10
Celular Samsung Galaxy A30 64GB Ram 4GB...;$ 999.900;$ 794.900;null;-20%;2
google pixel-2-128G  Negro;$ 1.661.829;$ 1.329.463;null;-20%;12
Iphone 5S 16GB - Negro;$ 900.660;$ 692.899;null;-23%;8
samsung S7edge G935FD-32G Azul;$ 1.695.789;$ 1.187.202;null;-29%;10
Celular Xiaomi Redmi Note 8 64gb 4ram Az...;$ 819.900;$ 749.900;null;-8%;4
XIAOMI MI NOTE 10 128G BLANCO;null;$ 2.349.900;null;null;?
samsung S7edge G935F-32G Blanco;$ 1.413.305;$ 1.187.202;null;-15%;10
Celular Motorola One Action 128GB;$ 1.299.900;$ 699.900;null;-46%;2
PSP Accesorio-Estuche Acolchado-Azul;$ 11.000;$ 4.900;null;-55%;11
Apple iPhone 7P(128GB)  Negro brillante;$ 2.601.592;$ 2.218.595;null;-14%;?
Celular HUAWEI P40 Pro 256GB Azul + Y9 p...;null;$ 4.599.900;null;null;2
Celular Hyundai L465 8GB Dual Sim Card 4...;$ 329.900;$ 191.900;null;-41%;11
Smartphone Apple Iphone 11 Pro Max 256Gb...;$ 6.499.000;$ 5.899.000;null;-9%;2
Celular Moto E6 Plus - Gris;$ 750.000;$ 549.000;null;-26%;11
samsung S7edge G935F-32G Negro;$ 1.413.305;$ 1.187.202;null;-15%;10
Celular Blu C5 16GB Doble Camara Dual Si...;$ 399.990;$ 224.900;null;-43%;3
"Redmi Note 9S 4GB+64GB 6.67"" 4G Smartpho...";$ 1.155.700;$ 797.000;null;-31%;?
samsung S7 G930F-32G Blanco;$ 1.406.358;$ 1.070.874;null;-23%;?
Reloj Inteligente Smartwatch Sim SD Blue...;$ 149.900;$ 67.900;null;-54%;3
Iphone 5S 32GB - Plata;$ 950.213;$ 730.999;null;-23%;8
google pixel-3XL-128G Polvo;$ 3.217.810;$ 2.574.248;null;-20%;12
Iphone 11 Pro 64GB Gold/Oro;$ 5.999.000;$ 4.999.000;null;-16%;?
Celular Huawei P30 Lite 128GB;$ 1.299.900;$ 779.900;$ 749.900;-40%;
Samsung Galaxy A30s 128 Gb negro;$ 1.000.000;$ 943.900;null;-5%;10
Samsung Galaxy S20+ Plus 128Gb - Azul;$ 4.599.000;$ 3.719.000;null;-19%;
Hyundai E553 Verde Hyundai;null;$ 279.900;null;null;?
Celular Samsung Galaxy S10E Octacore 128...;null;$ 3.229.900;null;null;5
Apple iPhone 6 (64GB) gold;$ 1.219.116;$ 889.343;null;-27%;?
Celular Motorola G8 Plus;$ 1.299.900;$ 749.900;$ 719.900;-42%;
IPAD MINI 5 GENERACION;$ 2.799.000;$ 2.299.000;null;-17%;13
Celular Neffos N105, Dual Sim, Cámara, R...;$ 90.000;$ 80.900;null;-10%;?
Celular Xiaomi Mi A1 Phone,4GB+64GB, Glo...;$ 1.001.900;$ 700.900;null;-30%;4
Apple iPhone 7(256GB)  Rosa dorada;$ 2.090.341;$ 1.495.435;null;-28%;?
"Huawei Y9 Prime 2019 128GB 6.59"" Negro O...";$ 1.099.900;$ 869.800;null;-20%;?
Celular Motorola Moto E6 Plus 64Gb 4 Ram...;$ 849.900;$ 499.900;null;-41%;
PIM18 Camiseta mujer bike explosion moda...;$ 30.000;$ 13.500;null;-55%;11
Celular  Huawei Y9 Prime 2019 128GB NEGR...;$ 999.900;$ 779.900;null;-22%;?
samsung S7 G930F-32G Oro;$ 1.406.358;$ 1.070.874;null;-23%;10
Celular MOVIL R15-5.0 pulgadas smartphon...;$ 375.966;$ 224.590;null;-40%;?
samsung note9 N960F 6+64G Azul;$ 3.828.779;$ 2.554.242;null;-33%;10
Celular iphone Se 2020 64Gb - Negro;$ 2.999.000;$ 2.099.000;null;-30%;
Celular Samsung Galaxy S10 Plus 128GB -...;null;$ 3.699.900;null;null;2
Iphone 6S 64GB - Dorado;$ 1.499.542;$ 1.153.499;null;-23%;8
"Galaxy S6 Edge 5.1"" 32GB 3GB RAM - Negro";$ 692.000;$ 652.900;null;-5%;5
Celular Hyundai L465 8GB Dual Sim Card 4...;$ 329.900;$ 191.900;null;-41%;11
Iphone 5C 32GB - Blanco;$ 836.241;$ 643.299;null;-23%;8
COMBO CELULAR NET LITE+BLUETOOTH K30+SMA...;$ 360.700;$ 299.900;null;-16%;11
Celular libre Asus Zenfone 4 max 16gb An...;$ 490.900;$ 386.950;null;-21%;12
Celular Huawei Mate 7 Gris;$ 595.900;$ 429.900;null;-27%;?
Celular Huawei Y9 2019 64GB - Azul;null;$ 1.199.900;null;null;8
Apple iPhone 7P(32GB)  Rosa dorada;$ 2.462.665;$ 2.018.540;null;-18%;13
***Apple iPhone 7 128GB-Oro;null;$ 2.000.000;null;null;4
Smartphone UMIDIGI F1 Play Android 9.0 6...;$ 1.163.900;$ 879.900;null;-24%;4
Celular Infinix Note 4 X572 16GB - Azul;$ 609.600;$ 349.900;null;-42%;2
iPhone 11 64 GB;null;$ 3.449.900;null;null;8
Apple iPhone 8P(64GB)  Negro;$ 3.272.145;$ 2.725.400;null;-16%;?
Celular Samsung J2 CORE DS 16GB - Black;$ 399.900;$ 329.900;null;-17%;3
Celular Samsung A20s Octa-core 32gb Ram3...;$ 729.900;$ 609.310;null;-16%;2
Celular Huawei Y7p 64GB Negro + Obsequio;$ 1.200.000;$ 819.900;null;-31%;12
Celular Samsung Galaxy A11 32Gb 13mp Azu...;$ 749.900;$ 589.900;null;-21%;10
"Samsung Galaxy S6 Edge 32GB 3GB 5.1"" 4G...";$ 952.900;$ 652.900;null;-31%;5
Apple iPhone 7P(32GB)  Oscuro;$ 2.462.665;$ 2.018.540;null;-18%;13
Iphone 6S 16GB - Plata;$ 1.329.646;$ 1.022.899;null;-23%;8
iPhone 8 Color: Dorado 64Gb;$ 2.200.000;$ 2.039.900;null;-7%;2
Apple iPhone 6 (16GB);$ 1.172.807;$ 859.706;null;-26%;13
Xiaomi Redmi 8A 32 GB MIDNIGHT BLACK;$ 599.900;$ 559.900;null;-6%;3
redmi note7 3+32G Azul;$ 1.106.122;$ 884.898;null;-19%;?
Celular Huawei Y9 Prime 2019 128GB Azul;$ 1.249.980;$ 869.980;null;-30%;?
Celular Samsung Galaxy J7 Pro 16GB - Neg...;$ 999.900;$ 599.900;null;-40%;2
"Redmi Note 9S 4GB+64GB 6.67"" 4G Smartpho...";$ 1.155.700;$ 797.000;null;-31%;?
Celular Samsung A30 64GB Negro;$ 950.000;$ 849.900;null;-10%;8
Audífonos Manos Libres Samsung In -Ear -...;null;$ 40.000;null;null;?
Celular Infinix Note 4 X572 16GB - Oro;$ 609.600;$ 349.900;null;-42%;6
Huawei Y9 Prime 2019 Negro;null;$ 1.199.900;null;null;2
Celular Samsung Galaxy S20 128 GB Gris -...;$ 4.999.999;$ 3.899.900;null;-22%;10
google pixel-3XL-128G Negro;$ 3.217.810;$ 2.574.248;null;-20%;12
"Huawei Y9 Prime 2019 128GB 6.59"" Azul Za...";$ 1.099.900;$ 869.800;null;-20%;?
Apple IPhone 7 Plus 32GB-Negro Mate;null;$ 2.999.999;null;null;8
Apple iPhone 6S(64GB)  Rosa dorada;$ 1.495.735;$ 1.117.554;null;-25%;?
Decodificador Tdt Celular Tablet Android...;$ 169.475;$ 129.340;null;-23%;6
Celular Samsung A20S   32GB DS 4G AZUL;$ 799.900;$ 573.900;null;-28%;3
Celular Xiaomi Redmi Note 9s /64gb/48mp/...;$ 1.800.000;$ 995.000;null;-44%;2
Apple iPhone 6S(16GB)  Gris;$ 1.329.022;$ 1.013.822;null;-23%;?
IPhone?8 64GB - Plata;$ 2.417.660;$ 1.726.900;null;-28%;8
Huawei Y6 2019 Negro;null;$ 599.999;null;null;?
Samsung Galaxy A10s 2GB 32GB Dual SIM-Ro...;$ 599.900;$ 509.900;null;-15%;
Walkie-Talkie PTT MicróFono De Altavoz P...;$ 115.325;$ 88.900;null;-22%;?
Celular iPro Shark 2 Certificacion IP67...;$ 299.900;$ 129.900;null;-56%;11
Apple iPhone 6SP(64GB)  Gris;$ 1.996.797;$ 1.407.262;null;-29%;?
samsung S10 G973F 8+128G  Azul;$ 3.860.578;$ 3.088.462;null;-20%;10
REDMI NOTE8 DE 128GB BLANCO;$ 1.209.900;$ 1.109.900;null;-8%;?
Samsung Galaxy S7 G9300 5.1 Pulgadas 4 G...;null;$ 1.752.532;null;null;5
Apple iPhone 6 (64GB);$ 1.219.116;$ 889.343;null;-27%;?
"Samsung Galaxy S6 Edge 32GB 3GB 5.1"" 4G...";$ 952.900;$ 652.900;null;-31%;5
Código Spotify Premium 15.000 1 Mes Tv -...;null;$ 29.900;null;null;11
Reloj Smart i Band Watch Series 4 Ritmo...;$ 399.900;$ 169.900;null;-57%;
Lg G6 4g Lte 32gb 4g Lte 4gb Ram Huella...;$ 1.290.300;$ 560.900;null;-56%;6
Caterpillar S31 Negro - Dual Sim Resiste...;$ 1.199.900;$ 1.034.900;null;-13%;3
Samsung Galaxy S6 32GB 3GB Pantalla rect...;$ 759.000;$ 560.000;null;-26%;6
Galaxy S7 Edge 32GB 4GB RAM - Plata;$ 1.323.900;$ 890.900;null;-32%;5
Apple iPhone X(256GB)   Plata;$ 4.574.353;$ 3.665.657;null;-19%;?
Realme 6 128GB 4GB RAM - Azul - RMX2001;$ 1.299.000;$ 1.099.000;null;-15%;11
Samsung Galaxy A10 S negro;$ 600.000;$ 589.900;null;-1%;6
samsung S8+ G955F 4+64G Azul;$ 2.471.001;$ 1.676.966;null;-32%;?
Celular Samsung Galaxy S10 Plus 128 Gb A...;null;$ 3.459.900;null;null;5
samsung S9 G960FD 4+64G Púrpura;$ 2.985.956;$ 1.937.778;null;-35%;11
samsung S10 G973FD 8+128G  Azul;$ 4.064.337;$ 3.251.470;null;-19%;?
Celular Samsung Galaxy S7 Edge 32gb 4ram...;$ 1.233.000;$ 891.900;null;-27%;5
Xiaomi Redmi 5 4GB 32GB 5.7 Pulgadas 18:...;null;$ 590.000;null;null;4
XIAOMI Redmi Note 8 4GB 64GB 48MP  4G Sm...;$ 1.053.880;$ 810.898;null;-23%;4
Apple Iphone Xr 64gb Amarillo/Yellow  Un...;$ 4.999.999;$ 3.229.000;null;-35%;13
Celular Huawei P30 Lite 128GB - Negro;$ 1.299.900;$ 869.900;null;-33%;8
Leef iBridge 3 Plateado y Blanco  memori...;null;$ 250.990;null;null;11
samsung S10+ G975F 8+128G Verde;$ 4.087.491;$ 3.269.993;null;-19%;?
Huawei Y9 Prime 2019 Azul;null;$ 1.199.900;null;null;?
Celular Honor 8X-Azul;null;$ 1.199.900;null;null;8
Celular Samsung Galaxy A11;$ 859.990;$ 594.990;null;-30%;10
samsung S8+ G955FD 4+64G Polvo;$ 2.512.679;$ 1.673.261;null;-33%;10
"Samsung GALAXY S7 5.1"" 32gb 4gb Ram 4g L...";$ 890.900;$ 650.000;null;-27%;5
Apple iPhone 6SP(32GB)  plata;$ 1.610.889;$ 1.318.349;null;-18%;?
Celular Huawei Nova 5T - Azul;$ 1.899.980;$ 1.799.980;null;-5%;?
Apple iPhone 7(256GB)  Oscuro;$ 2.090.341;$ 1.495.435;null;-28%;?
Celular Samsung Galaxy S7 Edge 32gb 4ram...;$ 1.233.000;$ 890.900;null;-27%;6
samsung S7edge G935FD-32G Blanco;$ 1.695.789;$ 1.187.202;null;-29%;11
Apple iPhone 6 (128GB) gold;$ 1.262.338;$ 970.847;null;-23%;?
Iphone 11 Pro Max 64GB Space Grey Unlock...;$ 6.999.000;$ 5.999.000;null;-14%;?
google pixel-3aXL-64G Negro;$ 2.458.343;$ 1.966.674;null;-20%;12
Apple iPhone 8P(64GB)  Oro;$ 3.272.145;$ 2.725.400;null;-16%;13
Desbloqueo dual de tarjeta SIM Mini telé...;$ 110.000;$ 106.290;null;-3%;?
"Samsung GALAXY S7 edge 5.5"" 32gb 4gb Ram...";$ 1.523.900;$ 890.900;null;-41%;5
"Redmi Note 9S 4GB+64GB 6.67"" 4G Smartpho...";$ 1.155.700;$ 797.000;null;-31%;?
samsung S10+ G975FD 8+128G  Azul;$ 4.235.680;$ 3.388.544;null;-20%;?
Smarphone Huawei Y6 2018 16GB - Dorado D...;$ 655.900;$ 409.900;null;-37%;8
samsung S9 G960FD 4+64G Gris;$ 2.985.956;$ 1.937.778;null;-35%;10
samsung note9 N960FD 6+64G Negro;$ 3.861.195;$ 2.591.289;null;-32%;10
Realme 6i 64GB 3GB RAM - Blanco - RMX204...;$ 999.000;$ 719.000;null;-28%;11
Smartphone Apple Iphone 11 pro 64Gb - Ne...;$ 4.999.000;$ 4.599.000;null;-8%;?
Celular Motorola One Xt1941-3 Octa Core...;null;$ 1.089.900;null;null;6
Ulefone Armadura 2S Android 7.0 A Prueba...;$ 722.714;$ 505.900;null;-29%;12
"Redmi Note 9S 6GB+128GB 6.67"" 4G Smartph...";$ 1.578.800;$ 1.088.800;null;-31%;?
Celular Samsung A01 Negro;$ 550.000;$ 469.900;null;-14%;6
samsung S8+ G955F 4+64G Plata;$ 2.471.001;$ 1.676.966;null;-32%;10
Celular Honor 8X-Negro;null;$ 1.199.900;null;null;8
Xiaomi Redmi Note 8 128GB ROM+4GB RAM-Az...;$ 859.000;$ 689.000;null;-19%;3
Celular Samsung Galaxy Note 10+;$ 4.399.900;$ 3.999.900;$ 3.899.900;-9%;5
Apple iPhone X(64GB)  Negro;$ 4.324.284;$ 3.146.997;null;-27%;13
Simcard Celulares Red 4g Lte Claro Prepa...;$ 3.000;$ 1.500;null;-50%;4
Apple iPhone 7(256GB)  Negro brillante;$ 2.090.341;$ 1.495.435;null;-28%;?
Celular Hyundai E553 16GB Dual Sim Card...;$ 399.900;$ 279.900;null;-30%;11
Celular LG K51S 64GB;null;$ 699.900;null;null;11
Celular Samgung Galaxy A30S 128GB Blanco;$ 1.299.900;$ 749.900;null;-42%;
samsung note9 N960F 6+64G Negro;$ 3.828.779;$ 2.554.242;null;-33%;10
Celular Caterpillar S31 2GB RAM Resiste...;$ 999.999;$ 810.000;null;-18%;8
Convertidor Bluetooth Adaptador Recargab...;$ 71.078;$ 51.658;null;-27%;11
Teléfono celular Bmobile K401 Azul;null;$ 89.900;$ 79.900;null;4
iPhone 11 64 GB Dual Sim-Black;$ 4.000.000;$ 3.349.000;null;-16%;?
samsung S7 G930F-32G Negro;$ 1.406.358;$ 1.070.874;null;-23%;?
HOMTOM HT3 Smartphone MTK6580 Quad Core...;null;$ 329.999;null;null;?
Celular Motorola E6 plus Grafito;$ 671.900;$ 554.900;null;-17%;2
Iphone 5S 64GB - Negro;$ 1.016.755;$ 782.199;null;-23%;8
Celular Samsung Galaxy S7 32gb 4g Lte De...;$ 990.900;$ 650.900;null;-34%;4
"Galaxy Note 4 5.7"" 32gb 3gb Ram 4g Lte -...";$ 699.000;$ 560.000;null;-19%;5
iPhone 11 Pro 256 GB Gold;$ 6.669.000;$ 5.669.000;null;-14%;?
"HTC DESIRE 10 Pro 5.5"" 64gb/4gb 4g Lte F...";$ 677.000;$ 519.900;null;-23%;?
samsung S8 G950FD 4+64G Negro;$ 2.267.241;$ 1.550.264;null;-31%;?
CELULAR KRONO PLAY K7 NEGRO / ROJO;$ 59.900;$ 44.900;null;-25%;11
Apple iPhone 8P(256GB)  Plata;$ 3.781.544;$ 3.088.462;null;-18%;?
iPhone 7 Dorado 128GB + Audífonos Inalám...;$ 2.000.000;$ 1.859.900;null;-7%;3
"Celular Samsung Galaxy Note 5 5.7"" 32gb...";$ 885.900;$ 746.900;null;-15%;5
Reloj Inteligente Smartwatch Sim SD Blue...;$ 119.900;$ 54.900;null;-54%;3
Caterpillar S61 Original Resistente Golp...;$ 4.490.000;$ 3.770.000;null;-16%;?
Celular Samsung Galaxy A20 S 32 GB-Rojo;$ 890.000;$ 665.000;null;-25%;5
Motorola Moto E6s 4g 32gb Cam Dual 13/2m...;$ 699.999;$ 499.999;null;-28%;11
Reloj Inteligente Z60 Smartwatch Correa...;$ 155.000;$ 110.000;null;-29%;?
Celular Huawei Y9 Prime 2019 128GB Verde;$ 1.129.900;$ 854.900;null;-24%;2
"Celular iPro Pantalla 2.8"" Superbateria...";$ 129.900;$ 79.900;null;-38%;3
Sim Card Prepago Kalley Móvil 4gLTE;$ 10.000;$ 7.000;null;-30%;4
Celular Samsung Galaxy S7 Edge 32GB - Ro...;null;$ 2.056.253;null;null;5
samsung S9+ G965F 6+64G  Púrpura;$ 3.245.286;$ 2.123.013;null;-34%;10
samsung S9 G960F 4+64G Azul;$ 2.962.802;$ 1.900.730;null;-35%;10
Galaxy Note 5 32gb 4gb Ram - Plata;$ 1.236.900;$ 746.900;null;-39%;5
Celular Motorola G8 Plus;$ 1.299.900;$ 749.900;$ 719.900;-42%;2
Celular Infinix Note 4 Pro X571 32GB - N...;$ 794.280;$ 399.900;null;-49%;2
google pixel-3a-64G  Blanco;$ 2.180.489;$ 1.744.392;null;-19%;12
Celular Motorola E6 Plus 64GB 4GB Ram Ar...;null;$ 529.900;null;null;3
samsung S9+ G965FD 6+64G  Azul;$ 3.268.441;$ 2.145.242;null;-34%;10
Celular iPro A28 Super Pantalla Superbat...;$ 159.900;$ 79.900;null;-50%;11
Cargador Celular Tablet Carga Rápida 3.0...;$ 59.426;$ 38.900;null;-34%;4
Neffos C7S 16GB;null;$ 429.900;null;null;6
"Celular Alcatel 3 (2019) 32GB 5.9"" Black...";$ 529.900;$ 488.500;null;-7%;4
Realme 6i 64GB 3GB RAM - Azul - RMX2040;$ 999.000;$ 719.000;null;-28%;11
Celular Motorola One Action 128 Gb 4 Gb...;$ 2.301.900;$ 1.437.900;null;-37%;6
Apple IPhone 6s 64GB-Rosa Dorado;$ 778.000;$ 599.900;null;-22%;8
iPhone 7 Negro 32GB + Audífonos Inalámbr...;$ 1.800.000;$ 1.609.900;null;-10%;13
Celular Touch Smart Krone 4.5 8GB Desblo...;null;$ 239.900;null;null;?
Samsung Galaxy Note 4 Lte 4g 16mp 32gb 3...;$ 959.000;$ 560.000;null;-41%;6
Celular L465 Dorado Hyundai;null;$ 229.900;null;null;3
Celular Samsung Galaxy S9+ Plus 64GB - L...;$ 1.800.990;$ 1.565.900;null;-13%;8
Samsung Galaxy S7 G9300 Impermeable 5.1...;null;$ 1.758.562;null;null;5
Celular Huawei Y7 2019 - Negro;null;$ 699.999;null;null;?
iPhone 7 Blanco 128GB + Audífonos Inalám...;$ 2.000.000;$ 1.859.900;null;-7%;?
samsung note8 N950F 6+64G  Azul;$ 2.826.653;$ 1.860.720;null;-34%;10
Teléfono Celular Hyundai D265 32MB Dual...;$ 99.900;$ 74.900;null;-25%;4
Celular Huawei P30 Lite 128GB - Negro;$ 949.000;$ 879.900;null;-7%;8
BT Smart Fingerprint Candado Desbloqueo...;$ 97.646;$ 69.890;null;-28%;12
samsung note8 N950F 6+64G  Gris;$ 2.826.653;$ 1.860.720;null;-34%;?
Walkie Talkie/ VersióN De ActualizacióN...;$ 248.572;$ 208.900;null;-15%;?
UMIDIGI X 6.35 Inch AMOLED Smartphone wi...;$ 1.152.900;$ 829.900;null;-28%;12
Smart i Band Watch Series 4 Ritmo Cardia...;$ 399.900;$ 169.900;null;-57%;3
Smartphone HTC Wildfire E Dorado;$ 599.900;$ 429.900;$ 399.900;-28%;3
En Existencia Homtom HT7 5.5 Pulgadas An...;$ 339.999;$ 279.999;null;-17%;?
Smartphone Apple Iphone 11 Pro 256Gb - D...;$ 5.599.000;$ 5.199.000;null;-7%;?
"Xiaomi Redmi 8A, 32GB, 6,2""- Negro";$ 519.900;$ 484.900;null;-6%;3
Apple iPhone 6SP(64GB)  Oro;$ 1.996.797;$ 1.407.262;null;-29%;?
samsung S8+ G955FD 4+64G Oro;$ 2.512.679;$ 1.673.261;null;-33%;10
google pixel-2XL-64G  Negro;$ 1.643.306;$ 1.314.645;null;-19%;12
Celular MOTOROLA One 64GB DS 4G Negro;$ 1.299.900;$ 949.900;null;-26%;6
"Xperia XZ  5.2"" 32GB 3GB RAM 23MP - Plat...";$ 950.000;$ 520.000;null;-45%;4
Celular Samsung Galaxy A01 16gb Negro;$ 580.000;$ 460.000;null;-20%;5
Iphone 6S 64GB - Plata;$ 1.499.542;$ 1.153.499;null;-23%;8
Smartphone Samsung Galaxy Z Flip  256GB...;null;$ 7.475.000;null;null;5
Celular Samsung Galaxy A30S 128GB Negro;$ 1.299.900;$ 749.900;null;-42%;
Reloj Inteligente Smartwatch Cámara Noti...;$ 300.900;$ 252.900;null;-15%;3
Apple iPhone 7P(256GB)  Oro;$ 2.786.828;$ 2.292.689;null;-17%;13
"Celular Samsung Galaxy Note 4 note4 5.7""...";$ 699.000;$ 560.900;null;-19%;5
Teléfono Celular Hyundai D265 32MB Dual...;$ 99.900;$ 74.900;null;-25%;11
samsung S9+ G965F 6+64G  Azul;$ 3.245.286;$ 2.123.013;null;-34%;10
Celular Infinix Note 4 X572 16GB - Negro;$ 609.600;$ 349.900;null;-42%;3
Smartphone Libre Hyundai E504 3g Dorado;$ 275.600;$ 229.990;null;-16%;3
Lg G6 4g Lte 32gb 4g Lte 4gb Ram Huella...;$ 1.290.900;$ 560.900;null;-56%;6
"Samsung GALAXY S7 edge 5.5"" 32gb 4gb Ram...";$ 1.523.900;$ 890.900;null;-41%;6
Celular Samsung Galaxy S10 128GB;$ 3.299.900;$ 2.429.900;null;-26%;8
POWER BANK SONY 2800 MAH Azul ORIGINAL;$ 69.900;$ 39.990;null;-42%;4
"Samsung GALAXY S6 Pantalla recta 5.1"" 32...";$ 699.000;$ 560.900;null;-19%;6
google pixel-32G Blanco;$ 948.672;$ 758.937;null;-20%;12
Apple iPhone 8 (64GB)  Rojo;$ 2.696.062;$ 1.871.834;null;-30%;?
Apple iPhone 6SP(128GB)  Gris;$ 2.080.153;$ 1.459.128;null;-29%;13
Iphone 5S 32GB - Dorado;$ 950.213;$ 730.999;null;-23%;8
samsung S7edge G935FD-32G Oro;$ 1.695.789;$ 1.187.202;null;-29%;10
iPhone 8 64 GB - SemiNuevo- Gold;$ 2.499.990;$ 1.299.990;null;-48%;
Global Versión Xiaomi Redmi Note 9 Pro 6...;$ 1.499.000;$ 1.399.000;null;-6%;?
Celular Flecha Panasonic GD100S 32MB - N...;$ 100.000;$ 49.900;null;-50%;2
iPhone 7 Color: Dorado 128GB;$ 2.000.000;$ 1.789.900;null;-10%;3
google pixel-3-128G  Polvo;$ 3.217.810;$ 2.574.248;null;-20%;12
